citation_id,days_ago,date_added
249,365,2025-08-22
248,361,2025-08-26
247,359,2025-08-28
245,352,2025-09-04
246,352,2025-09-04
244,340,2025-09-16
242,337,2025-09-19
243,337,2025-09-19
241,330,2025-09-26
240,327,2025-09-29
237,326,2025-09-30
238,326,2025-09-30
239,326,2025-09-30
235,325,2025-10-01
236,325,2025-10-01
234,324,2025-10-02
228,318,2025-10-08
229,318,2025-10-08
230,318,2025-10-08
231,318,2025-10-08
232,318,2025-10-08
233,318,2025-10-08
227,316,2025-10-10
224,313,2025-10-13
225,313,2025-10-13
226,313,2025-10-13
223,312,2025-10-14
219,311,2025-10-15
220,311,2025-10-15
221,311,2025-10-15
222,311,2025-10-15
218,309,2025-10-17
216,306,2025-10-20
217,306,2025-10-20
215,304,2025-10-22
214,303,2025-10-23
213,301,2025-10-25
212,299,2025-10-27
211,297,2025-10-29
210,296,2025-10-30
209,294,2025-11-01
208,286,2025-11-09
207,285,2025-11-10
206,278,2025-11-17
205,277,2025-11-18
204,275,2025-11-20
203,270,2025-11-25
202,264,2025-12-01
200,259,2025-12-06
201,259,2025-12-06
198,257,2025-12-08
199,257,2025-12-08
197,254,2025-12-11
196,246,2025-12-19
195,245,2025-12-20
194,243,2025-12-22
193,242,2025-12-23
192,240,2025-12-25
191,226,2026-01-08
190,221,2026-01-13
189,218,2026-01-16
188,217,2026-01-17
187,215,2026-01-19
186,212,2026-01-22
184,206,2026-01-28
185,206,2026-01-28
181,205,2026-01-29
182,205,2026-01-29
183,205,2026-01-29
177,204,2026-01-30
178,204,2026-01-30
179,204,2026-01-30
180,204,2026-01-30
176,202,2026-02-01
174,201,2026-02-02
175,201,2026-02-02
173,200,2026-02-03
169,199,2026-02-04
170,199,2026-02-04
171,199,2026-02-04
172,199,2026-02-04
168,198,2026-02-05
167,197,2026-02-06
166,196,2026-02-07
165,195,2026-02-08
164,193,2026-02-10
162,192,2026-02-11
163,192,2026-02-11
161,187,2026-02-16
160,186,2026-02-17
157,183,2026-02-20
158,183,2026-02-20
159,183,2026-02-20
156,181,2026-02-22
155,179,2026-02-24
153,177,2026-02-26
154,177,2026-02-26
151,175,2026-02-28
152,175,2026-02-28
149,173,2026-03-02
150,173,2026-03-02
147,172,2026-03-03
148,172,2026-03-03
146,168,2026-03-07
145,165,2026-03-10
144,164,2026-03-11
142,163,2026-03-12
143,163,2026-03-12
140,157,2026-03-18
141,157,2026-03-18
138,156,2026-03-19
139,156,2026-03-19
137,155,2026-03-20
136,149,2026-03-26
135,148,2026-03-27
134,144,2026-03-31
132,143,2026-04-01
133,143,2026-04-01
131,142,2026-04-02
129,136,2026-04-08
130,136,2026-04-08
126,134,2026-04-10
127,134,2026-04-10
128,134,2026-04-10
125,133,2026-04-11
123,128,2026-04-16
124,128,2026-04-16
122,127,2026-04-17
121,123,2026-04-21
120,122,2026-04-22
118,120,2026-04-24
119,120,2026-04-24
117,118,2026-04-26
116,114,2026-04-30
115,113,2026-05-01
114,109,2026-05-05
113,108,2026-05-06
109,107,2026-05-07
110,107,2026-05-07
111,107,2026-05-07
112,107,2026-05-07
99,106,2026-05-08
100,106,2026-05-08
101,106,2026-05-08
102,106,2026-05-08
103,106,2026-05-08
104,106,2026-05-08
105,106,2026-05-08
106,106,2026-05-08
107,106,2026-05-08
108,106,2026-05-08
95,105,2026-05-09
96,105,2026-05-09
97,105,2026-05-09
98,105,2026-05-09
94,104,2026-05-10
89,103,2026-05-11
90,103,2026-05-11
91,103,2026-05-11
92,103,2026-05-11
93,103,2026-05-11
87,102,2026-05-12
88,102,2026-05-12
84,101,2026-05-13
85,101,2026-05-13
86,101,2026-05-13
83,100,2026-05-14
81,99,2026-05-15
82,99,2026-05-15
80,98,2026-05-16
77,95,2026-05-19
78,95,2026-05-19
79,95,2026-05-19
73,94,2026-05-20
74,94,2026-05-20
75,94,2026-05-20
76,94,2026-05-20
72,92,2026-05-22
70,89,2026-05-25
71,89,2026-05-25
66,88,2026-05-26
67,88,2026-05-26
68,88,2026-05-26
69,88,2026-05-26
64,87,2026-05-27
65,87,2026-05-27
62,86,2026-05-28
63,86,2026-05-28
58,85,2026-05-29
59,85,2026-05-29
60,85,2026-05-29
61,85,2026-05-29
54,84,2026-05-30
55,84,2026-05-30
56,84,2026-05-30
57,84,2026-05-30
50,81,2026-06-02
51,81,2026-06-02
52,81,2026-06-02
53,81,2026-06-02
48,80,2026-06-03
49,80,2026-06-03
46,79,2026-06-04
47,79,2026-06-04
44,78,2026-06-05
45,78,2026-06-05
43,73,2026-06-10
41,71,2026-06-12
42,71,2026-06-12
39,67,2026-06-16
40,67,2026-06-16
38,63,2026-06-20
35,60,2026-06-23
36,60,2026-06-23
37,60,2026-06-23
33,59,2026-06-24
34,59,2026-06-24
31,58,2026-06-25
32,58,2026-06-25
30,57,2026-06-26
28,56,2026-06-27
29,56,2026-06-27
27,55,2026-06-28
25,53,2026-06-30
26,53,2026-06-30
23,49,2026-07-04
24,49,2026-07-04
22,48,2026-07-05
21,45,2026-07-08
19,44,2026-07-09
20,44,2026-07-09
18,42,2026-07-11
17,41,2026-07-12
16,40,2026-07-13
15,39,2026-07-14
14,35,2026-07-18
11,30,2026-07-23
12,30,2026-07-23
13,30,2026-07-23
10,27,2026-07-26
9,26,2026-07-27
8,25,2026-07-28
6,18,2026-08-04
7,18,2026-08-04
5,16,2026-08-06
4,14,2026-08-08
2,12,2026-08-10
3,12,2026-08-10
1,7,2026-08-15
